dataset,model,eval_metrics/MSE[mean],eval_metrics/MSE[0.5],eval_metrics/MAE[0.5],eval_metrics/MASE[0.5],eval_metrics/MAPE[0.5],eval_metrics/sMAPE[0.5],eval_metrics/MSIS,eval_metrics/RMSE[mean],eval_metrics/NRMSE[mean],eval_metrics/ND[0.5],eval_metrics/mean_weighted_sum_quantile_loss,domain,num_variates
m4_weekly/W/short,moiraic,2632024.0394257554,2632024.0394257554,888.5447825155346,14.831249453943311,0.18048897386235804,0.1760508666233662,354.2720591959335,1622.3513920928954,0.2955672815096643,0.16187908929453101,0.15120460755939533,Econ/Fin,1
bizitobs_l2c/H/short,moiraic,284.30050223214283,284.30050223214283,12.867245628720237,1.2343433384111588,1.1348928913509817,1.1678006611173115,45.36660230730444,16.861212952576775,0.9088625604565683,0.6935774929736042,0.6834581830282931,Web/CloudOps,7
bizitobs_l2c/H/medium,moiraic,305.7049107142857,305.7049107142857,12.327969215029762,1.2021026260771441,1.335363570688071,1.1585277739025297,43.915087501733055,17.48441908426716,1.058708132859902,0.7464772610799931,0.7336045675507228,Web/CloudOps,7
bizitobs_l2c/H/long,moiraic,269.80567956349205,269.80567956349205,11.668880208333333,1.175711383098327,1.1287846240412116,1.1791255890376984,43.3185840158036,16.425762678289615,1.0033329920604366,0.7127688815872385,0.7017969258260992,Web/CloudOps,7
