dataset,model,eval_metrics/MSE[mean],eval_metrics/MSE[0.5],eval_metrics/MAE[0.5],eval_metrics/MASE[0.5],eval_metrics/MAPE[0.5],eval_metrics/sMAPE[0.5],eval_metrics/MSIS,eval_metrics/RMSE[mean],eval_metrics/NRMSE[mean],eval_metrics/ND[0.5],eval_metrics/mean_weighted_sum_quantile_loss,domain,num_variates
bizitobs_l2c/H/short,moiraie_base,207.65580047123015,207.65580047123015,11.078142438616071,1.069391997118203,1.4855877992918165,0.7974621000744048,33.031296281734356,14.410267189446216,0.7767503068432484,0.5971402490545307,0.5338571792628729,Web/CloudOps,7
bizitobs_l2c/H/medium,moiraie_base,255.05186011904763,255.05186011904763,12.276648530505952,1.2029604275892012,1.8599996585717125,0.91354246593657,20.873378613528683,15.970343143434572,0.9670285348931986,0.7433697156804331,0.6466949682379091,Web/CloudOps,7
bizitobs_l2c/H/long,moiraie_base,251.9065228174603,251.9065228174603,12.164990234375,1.2407585664990632,1.9157391100331513,0.9068313840835813,20.908269777698347,15.871563338797483,0.9694808968864632,0.7430727138395743,0.645331561831109,Web/CloudOps,7
electricity/H/short,moiraie_base,74734682.50846846,74734682.50846846,869.0142975788289,3.6107331384900383,0.8275631885873629,0.37475156079541455,110.24655340368366,8644.922354102926,4.081020737558864,0.410236810047366,0.3704537703977692,Energy,1
